directory,predicted_values,ground_truth_values,ground_truth_emotions
/content/continuous_speeches/combined_speech_Ses01F_impro01.wav,"[0.799808747113164, 4.318967234411085, 10.397513712471131, 13.276825202078522, 15.03640444572748, 16.63602193995381, 19.195409930715932, 21.834778796189376, 24.314185912240184, 25.913803406466513, 28.046626732101615, 30.392732390300228, 33.911890877598154, 37.910934613163974, 39.5105521073903, 41.110169601616626, 44.46936633949191, 47.3486778290993, 49.42818057159353, 50.707874566974596, 52.94733905889145, 54.986851364030024, 58.386038539260966, 62.06515877598152, 63.66477627020785, 64.9444702655889, 67.82378175519631, 70.54313149538106, 71.66286374133949, 75.98183097575057, 77.84805138568129, 81.10060695727483]","[2.74, 7.1499375, 9.8999375, 13.929875, 19.959812499999998, 29.7698125, 35.5198125, 39.95975, 43.3115625, 50.551500000000004, 55.176500000000004, 58.05875, 65.54875, 70.61875, 74.35706250000001, 75.7395, 78.55612500000001, 83.116125]","['fru', 'fru', 'ang', 'neu', 'ang', 'fru', 'fru', 'fru', 'fru', 'ang', 'fru', 'fru', 'fru', 'neu', 'fru', 'neu', 'fru', 'fru']"
/content/continuous_speeches/combined_speech_Ses01F_impro02.wav,"[0.7999701941160667, 2.87989269881784, 5.119809242342827, 6.559755591751746, 12.639529067033852, 15.039439649382052, 16.799374076437402, 23.199135629365934, 25.91903428936056, 28.47893891053197, 32.07880478405427, 34.238724308167654, 37.198614026397095, 40.15850374462654, 41.91843817168189, 43.99836067638367, 46.39827125873187, 47.51822953049437, 49.918140112842565, 51.5980775204863, 54.077985122246105, 56.317901665771096, 58.397824170472866, 60.95772879164428, 65.59755591751747, 67.99746649986567, 71.89065477789718, 75.91717142161471, 79.1970492174906, 80.79698960572273, 84.79684057630307, 87.35674519747448, 90.55662597393875, 91.67658424570125, 96.31641137157442, 98.07634579862977, 100.52958772725238, 102.87616696332617, 105.27607754567438, 109.43592255507792, 112.63580333154219, 115.51569603036002, 116.79564834094573]","[7.4, 10.6199375, 14.839375, 19.054375, 21.689, 27.4589375, 30.4894375, 36.285250000000005, 42.008750000000006, 44.56875000000001, 48.24125000000001, 52.85625000000001, 55.91562500000001, 58.84562500000001, 63.375562500000015, 68.05562500000002, 74.71056250000002, 79.12587500000002, 83.01268750000003, 86.60056250000002, 88.79050000000002, 94.44300000000003, 99.39293750000003, 108.72412500000003, 114.84956250000003, 119.0995625]","['sad', 'sad', 'sad', 'neu', 'fru', 'sad', 'sad', 'sad', 'sad', 'sad', 'sad', 'sad', 'sad', 'sad', 'sad', 'neu', 'sad', 'fru', 'sad', 'sad', 'neu', 'neu', 'sad', 'sad', 'sad', 'sad']"
/content/continuous_speeches/combined_speech_Ses01F_impro03.wav,"[0.7999331527739442, 2.0798261972122547, 5.119572177753242, 12.158983922163952, 14.878756641595361, 17.118569469362406, 18.238475883245926, 22.698103209960664, 26.47778735681755, 28.79759349986199, 31.35737958873861, 33.43720578595086, 35.19705872205354, 37.43687154982058, 39.27671780120066, 41.27655068313552, 44.95624318589566, 49.75584210253932, 54.23546775807341, 56.101978447879276, 58.87508004416229, 61.562855437482746, 64.95457200524426, 66.55443831079215, 67.83433135523046, 69.99415086772012, 72.47394364131934, 74.5537698385316, 76.0736428288021, 77.91348908018216, 82.07314147460667, 84.3129543023737, 99.03172431341429, 100.47160398840738, 101.91148366340049, 103.51134996894837, 105.9111494272702, 108.8975665309596, 111.6706681272426]","[2.2199375, 6.6224375, 8.322375000000001, 11.5273125, 17.8673125, 22.99725, 25.85725, 29.2971875, 35.307125, 37.974624999999996, 40.644625, 42.824625, 46.594562499999995, 51.384562499999994, 56.2945625, 57.954562499999994, 61.541999999999994, 62.3844375, 66.959375, 69.7118125, 75.17181249999999, 78.86174999999999, 81.78424999999999, 85.71424999999999, 87.9341875, 89.98662499999999, 92.55656249999998, 96.48656249999999, 98.5465, 100.83143749999999, 103.62893749999999, 104.94887499999999, 108.926375, 112.236375, 114.4888125, 115.926312]","['neu', 'hap', 'hap', 'hap', 'hap', 'hap', 'hap', 'hap', 'hap', 'sur', 'hap', 'hap', 'hap', 'neu', 'neu', 'exc', 'hap', 'neu', 'exc', 'hap', 'hap', 'hap', 'neu', 'hap', 'neu', 'hap', 'hap', 'neu', 'neu', 'hap', 'hap', 'neu', 'exc', 'sur', 'neu', 'sur']"
/content/continuous_speeches/combined_speech_Ses01F_impro04.wav,"[0.6399752598960416, 6.879734043882447, 9.279641268492604, 10.399597973310676, 12.799505197920833, 15.199412422530989, 17.65265091879915, 23.51909080117953, 25.918998025789687, 30.782810000999604, 33.59870114454219, 34.718657849360255, 37.118565073970416, 38.71850322371052, 42.238367153138746, 44.47828056277489, 48.15813830717713, 49.75807645691724, 52.98461839222645, 56.79780431577369, 57.91776102059177, 59.67769298530588, 61.91760639494203, 63.51754454468213, 68.23736208641543, 71.59723220086966, 74.39712396291483, 76.47704355757698, 77.91698789234307, 80.95687037684927, 83.03678997151141, 84.15674667632948, 86.71664771591364, 89.0632236688658, 92.39642814749101, 96.39627352184127, 100.20945944538852, 102.39604158336667, 104.6359549930028, 107.24918730424497, 109.91575088714515, 111.03570759196323, 112.47565192672933, 114.87555915133947, 117.43546019092364, 119.27538906312475, 124.95516949470212, 126.71510145941625, 128.79502105407838, 130.3949592038185, 131.67490972361057, 137.59468087764895, 139.67460047231108, 143.83443966163537, 147.19430977608957, 150.2341922605958, 153.70072491836598, 156.47395104458218, 157.59390774940024]","[4.4, 14.13, 18.7274375, 25.627375, 28.3018125, 30.93675, 34.1091875, 39.954187499999996, 41.964124999999996, 44.8258125, 48.0258125, 49.7758125, 51.01575, 53.735749999999996, 56.9206875, 61.563125, 73.8606875, 75.5306875, 83.197125, 87.047125, 93.1120625, 96.012, 99.1719375, 101.284375, 103.684375, 107.024375, 110.66181250000001, 112.42181250000002, 115.68175000000002, 119.19168750000003, 120.68168750000002, 123.21912500000002, 125.13912500000002, 129.54425000000003, 133.74425000000002, 137.44418750000003, 139.74468750000003, 140.86462500000002, 144.42112500000002, 150.11106250000003, 151.91106250000004, 154.94700000000003, 157.35656250000002, 160.057812]","['ang', 'neu', 'neu', 'neu', 'neu', 'fru', 'fru', 'ang', 'ang', 'neu', 'neu', 'neu', 'neu', 'neu', 'ang', 'neu', 'fru', 'neu', 'neu', 'fru', 'neu', 'ang', 'ang', 'fru', 'neu', 'neu', 'fru', 'fru', 'neu', 'fru', 'neu', 'fru', 'neu', 'neu', 'fru', 'fru', 'neu', 'neu', 'neu', 'fru', 'neu', 'neu', 'neu', 'fru']"
/content/continuous_speeches/combined_speech_Ses01F_impro05.wav,"[1.1997880417795375, 3.519378255886643, 6.398869556157533, 7.838615206292977, 9.278360856428423, 10.718106506563867, 12.477795634507189, 16.317117368201707, 20.996290731141904, 23.675817357782872, 25.59547822463013, 27.835082569285266, 35.193782558866424, 38.233245598041265, 43.352341242967285, 44.47214341529485, 45.59194558762242, 48.55142275734528, 50.23112601583664, 52.04413905674793, 55.83013687747447, 57.5898260054178, 72.78714120129193, 76.62646293498645, 78.38615206292978, 81.74555857991248, 85.74485205251094, 87.98445639716607, 90.40402894808815, 94.06338247551572, 95.50312812565117, 99.26246398989372, 102.7018563763284, 105.26140419879141, 107.82095202125443, 112.3001607105647, 114.77972266357574, 116.4594259220671, 120.29874765576162, 126.37767373411127, 128.81724275239634, 130.85688242342152, 132.13665633465305, 133.2564585069806, 135.73602045999166, 138.21558241300272, 140.05525741039799, 142.694791102313, 144.1345367524484, 146.8007324008474, 151.81318021983748, 153.2529258699729]","[4.7599375, 8.819875, 10.739875, 17.134875, 18.244812500000002, 21.267312500000003, 22.5773125, 24.15725, 26.2771875, 27.5071875, 29.1746875, 30.584625000000003, 32.979625000000006, 35.097125000000005, 38.83712500000001, 42.217062500000004, 43.597, 52.962, 54.8619375, 56.236875000000005, 65.9368125, 69.32425, 75.17675000000001, 81.42425000000001, 88.09418750000002, 92.04412500000002, 97.79162500000002, 99.27912500000002, 104.65406250000002, 109.77400000000003, 114.20893750000003, 117.51893750000004, 118.96887500000004, 125.07881250000004, 140.57381250000003, 144.48381250000003, 151.80375000000004, 153.540875]","['ang', 'neu', 'ang', 'neu', 'hap', 'neu', 'fru', 'neu', 'ang', 'hap', 'ang', 'fru', 'ang', 'ang', 'neu', 'ang', 'ang', 'ang', 'fru', 'neu', 'fru', 'ang', 'neu', 'sur', 'sur', 'ang', 'neu', 'ang', 'ang', 'ang', 'ang', 'ang', 'neu', 'neu', 'ang', 'ang', 'ang', 'neu']"
/content/continuous_speeches/combined_speech_Ses01F_impro06.wav,"[3.5461908820554187, 6.399141441303011, 8.318883873693915, 10.398604842117393, 11.998390202443147, 13.5981755627689, 17.437660427550707, 20.31727407613706, 23.35686626075599, 27.676286733635525, 30.315932578173015, 33.115556958743085, 34.71534231906884, 40.794526688306696, 43.3541832648279, 48.15353934580516, 50.07328177819606, 51.1931315304241, 58.55214418792256, 61.031811496427466, 63.35150026889981, 65.11126416525815, 67.51094220574677, 69.51067390615395, 72.39028755474033, 77.42961143976643, 80.78916069645052, 83.02886020090658, 85.18857043734633, 87.02832360172096, 88.708098230063, 90.54785139443761, 91.98765821873079, 94.54731479525199, 95.98712161954518, 97.1069713717732, 99.34667087622925, 103.90605915315766, 107.34559767785801, 109.26534011024891, 111.18508254263982, 116.70434203576367, 119.18400934426859, 120.30385909649661, 122.86351567301782, 123.98336542524585, 127.5028932179625, 129.10267857828825, 131.66233515480945, 135.18186294752613, 137.3415731839659, 140.70112244064995, 142.940821945106, 146.14039266575753, 148.46008143822985, 152.6195233750768, 154.59259198614527, 158.85868628034726, 161.25836432083588, 164.13797796942225, 171.73695843096957, 173.4167330593116, 176.29634670789795, 177.416196460126, 179.3359388925169, 181.65562766498923, 183.92199025878404, 186.37499447795022, 189.7345437346343, 191.81426470305777, 197.25353492816532, 199.65321296865397, 200.773062720882, 202.85278368930545, 207.65213977028273]","[1.5899375, 13.629875, 21.629875, 27.679875, 34.5798125, 49.65975, 51.2396875, 61.1496875, 63.1196875, 82.069625, 83.4195625, 85.90956249999999, 94.87956249999999, 98.0645, 102.0944375, 108.7819375, 110.27193749999999, 117.86943749999999, 125.06943749999999, 127.1594375, 130.140875, 131.673375, 160.8033125, 166.64325, 168.36325, 175.9431875, 177.9331875, 181.2131875, 189.973125, 191.643125, 208.228062]","['neu', 'sad', 'sad', 'sad', 'sad', 'sad', 'sad', 'sad', 'neu', 'sad', 'neu', 'neu', 'sad', 'neu', 'sad', 'sad', 'neu', 'neu', 'neu', 'neu', 'sad', 'sad', 'sad', 'sad', 'sad', 'neu', 'sad', 'sad', 'sad', 'neu', 'sad']"
/content/continuous_speeches/combined_speech_Ses01F_impro07.wav,"[0.5599759314066852, 5.173110985376045, 7.199690546657383, 8.799621779247913, 13.492753394846796, 15.199346709610028, 18.079222928272983, 21.459077657120474, 24.318954735376046, 28.158789693593317, 32.31861089832869, 35.3584802402507, 36.63842522632312, 37.918370212395544, 39.35830832172702, 49.59786821030641, 52.797730675487465, 54.077675661559894, 55.19762752437327, 59.99742122214485, 62.2373249477716, 63.997249303621174, 65.11720116643455, 66.55713927576602, 68.95703612465181, 75.51675417827298, 76.63670604108636, 84.636362204039, 88.39620060062674, 89.7561421483287, 94.60926688718665, 97.11582581824514, 106.71541321378831, 110.39525504874653]","[5.3274375, 11.154875, 20.204875, 22.5848125, 29.7848125, 38.90475, 50.9446875, 56.1146875, 61.817125000000004, 66.244625, 69.307125, 75.614625, 83.5095625, 86.43956250000001, 90.01018750000001, 103.15518750000001, 109.79512500000001, 114.8750625]","['exc', 'exc', 'exc', 'exc', 'exc', 'exc', 'exc', 'exc', 'exc', 'exc', 'neu', 'exc', 'exc', 'exc', 'exc', 'hap', 'exc', 'exc']"
/content/continuous_speeches/combined_speech_Ses01F_script01_1.wav,"[0.6399988372093023, 4.319992151162791, 6.479988226744185, 7.839985755813953, 10.07998168604651, 11.199979651162788, 12.959976453488371, 14.399973837209302, 16.07997078488372, 18.079967151162787, 22.879958430232556, 28.1599488372093, 30.239945058139533, 32.39994113372093, 34.63993706395348, 36.159934302325574, 39.03992906976744, 41.11992529069767, 44.639918895348835, 47.73324660852713, 53.75990232558139, 55.35989941860465, 57.43989563953488, 59.83989127906977, 60.959889244186044, 62.639886191860455, 65.11988168604651, 66.23987965116278, 68.1598761627907, 69.59987354651162, 72.79986773255813, 75.35986308139533, 76.63986075581394, 78.4798574127907, 80.47985377906977, 81.75985145348837, 83.03984912790698, 84.31984680232557, 85.43984476744185, 86.55984273255814, 89.4398375, 90.87983488372092, 94.23982877906975, 97.91982209302326, 99.83981860465116, 101.91981482558138, 103.03981279069767, 105.27980872093022, 107.25313846899223, 109.43980116279069, 112.15979622093022, 113.59979360465115, 115.1997906976744, 116.63978808139534, 118.55978459302325, 121.43977936046511, 125.67977165697674, 129.27976511627907, 133.7597569767442, 135.67975348837209, 136.9597511627907, 138.31974869186047, 140.63974447674417, 142.55974098837208, 143.99973837209302, 146.31973415697672, 148.3197305232558, 149.75972790697674, 151.359725, 153.0397219476744, 155.8397168604651, 157.91971308139534, 160.79970784883722, 164.58636763565892, 166.55969738372093, 168.07969462209303, 170.39969040697673, 171.67968808139534, 173.75968430232555, 176.2396797965116, 180.95967122093023, 183.41300009689925, 186.07966191860464, 189.7996551598837, 192.31965058139534, 193.83964781976744, 197.8396405523256, 199.83963691860464, 205.59962645348836, 207.0396238372093, 208.15962180232557, 210.79961700581396, 214.39961046511627, 215.67960813953488, 218.71960261627905, 221.27959796511627, 223.5729271317829, 229.11958372093022, 232.47957761627904, 233.75957529069765, 235.03957296511626, 237.27956889534883, 239.19956540697672]","[5.52475, 15.774750000000001, 20.2661875, 23.61675, 26.29675, 28.444187499999998, 31.2441875, 33.6478125, 43.34525, 51.3690625, 56.9460625, 62.192375, 65.552375, 67.53625, 69.74443749999999, 74.52437499999999, 79.4731875, 83.913125, 93.92306249999999, 96.54306249999999, 99.92299999999999, 109.70293749999999, 112.71318749999999, 115.82312499999999, 118.89312499999998, 128.44562499999998, 140.13281249999997, 144.69349999999997, 147.11606249999997, 150.78581249999996, 156.43918749999997, 159.0491875, 163.8275625, 175.4903125, 177.78168749999998, 181.3916875, 186.04243749999998, 188.362375, 197.15775, 199.28368749999998, 203.7345, 207.548, 210.91218750000002, 215.10212500000003, 220.47212500000003, 231.66918750000002, 234.7391875, 237.60325, 240.799562]","['fru', 'ang', 'neu', 'neu', 'neu', 'fru', 'ang', 'fru', 'fru', 'fru', 'fru', 'sur', 'fru', 'neu', 'fru', 'fru', 'neu', 'fru', 'fru', 'neu', 'neu', 'ang', 'fru', 'fru', 'fru', 'fru', 'fru', 'fru', 'neu', 'fru', 'neu', 'neu', 'fru', 'fru', 'neu', 'fru', 'fru', 'fru', 'neu', 'fru', 'fru', 'fru', 'fru', 'fru', 'fru', 'neu', 'ang', 'fru', 'fru']"
/content/continuous_speeches/combined_speech_Ses01F_script01_2.wav,"[2.799596241334489, 4.8792963063258235, 6.879007907279029, 7.998846403812825, 10.398500324956673, 15.229803552859618, 18.3973467287695, 20.477046793760834, 25.70295977758521, 27.995962413344888, 29.675720158145584, 31.03552404679376, 32.31533947140382, 33.75513182409012, 36.47473960138648, 37.75455502599653, 39.19434737868285, 45.43344757365684, 46.7132629982669, 48.1530553509532, 50.232755415944546, 52.15247855285961, 55.192040186308496, 57.751671035528595, 58.8715095320624, 60.63125574090121, 61.91107116551127, 63.83079430242635, 65.59054051126516, 69.42998678509532, 72.66951957863951, 76.62894854852686, 78.54867168544195, 82.60142053004044, 91.34682593154247]","[4.2399375, 8.5099375, 12.0099375, 19.189875, 22.2198125, 24.4173125, 26.62725, 28.5671875, 30.517125, 44.657125, 48.407125, 51.1170625, 57.707, 66.8669375, 71.25687500000001, 73.20681250000001, 82.09675000000001, 92.3066875]","['fru', 'fru', 'ang', 'fru', 'ang', 'fru', 'neu', 'fru', 'fru', 'ang', 'ang', 'fru', 'ang', 'ang', 'ang', 'ang', 'ang', 'ang']"
/content/continuous_speeches/combined_speech_Ses01F_script01_3.wav,"[2.5597597198744264, 6.239414317193915, 8.479204072084038, 10.239038879497706, 11.678903721927071, 13.438738529340739, 17.598348074136684, 21.11801768896402, 24.397709830053127, 25.91756716372857, 28.477326883602995, 30.077176708524508, 32.31696646341463, 34.55675621830476, 36.316591025718424, 38.87635074559285, 40.15623060553006, 41.75608043045158, 43.19594527288095, 45.43573502777107, 47.515539800169044, 49.83532204630524, 51.35517937998068, 54.31490155608549, 56.794668784713835, 57.9145636621589, 59.51441348708042, 60.63430836452548, 63.51403804938421, 65.59384282178218, 67.27368513794977, 69.91343734907028, 72.15322710396039, 74.23303187635837, 75.51291173629558, 77.59271650869354, 79.35255131610722, 80.95240114102873, 84.47207075585608, 86.07192058077759, 87.99174037068342, 90.15153763432747, 92.79128984544796, 94.23115468787732, 95.6710195303067, 98.23077925018112, 100.5505614963173, 103.67026865491428, 104.95014851485148, 106.23002837478869, 107.66989321721807, 109.90968297210819, 111.1895628320454, 113.90930753441198, 116.1490972893021, 120.78866178157449, 122.06854164151171, 125.1082563088626, 126.22815118630766, 128.94789588867422, 131.18768564356435, 132.46756550350156, 133.58746038094662, 135.9872351183289, 138.3870098557112, 140.6267996106013, 142.54661940050713, 148.9460187001932, 151.1858084550833, 153.58558319246558, 156.54530536857038, 159.50502754467522, 163.02469715950252, 164.46456200193188, 166.38438179183774, 167.66426165177495, 172.22383365280126, 175.0235708464139, 176.7834056538276, 178.78321793497946, 185.2626097259116, 193.34185134176528, 196.62154348285438, 200.54117555391207, 207.1805523273364, 208.30044720478145, 210.38025197717943, 212.30007176708523, 213.41996664453032, 217.25960622434195, 219.45939973360902, 221.73918573412217, 227.17867513885534, 228.93850994626902, 231.01831471866697, 232.2981945786042, 234.69796931598648, 238.37762391330594, 241.73730854564113, 247.49676791535862, 249.89654265274086, 254.05615219753685, 257.41583682987203, 259.01568665479357, 260.93550644469934, 262.69534125211305]","[2.80475, 6.016375, 8.243875, 29.093875, 32.3305, 35.1029375, 45.7829375, 56.845312500000006, 60.40531250000001, 62.285250000000005, 67.4326875, 70.202625, 79.163375, 94.37825000000001, 97.98268750000001, 102.0785, 104.60843750000001, 106.77843750000001, 114.24943750000001, 122.07387500000002, 126.65381250000002, 139.97375000000002, 141.53375000000003, 143.83375000000004, 148.75118750000004, 154.12118750000005, 155.52381250000005, 163.03375000000005, 166.52375000000006, 168.82375000000008, 174.46125000000006, 179.34431250000006, 182.62431250000006, 191.07256250000006, 200.35256250000006, 208.58256250000005, 226.68087500000004, 228.74337500000004, 231.73200000000006, 233.53200000000007, 236.35193750000008, 239.1068750000001, 246.16681250000008, 257.4239375000001, 264.999125]","['neu', 'sad', 'sad', 'sad', 'sur', 'hap', 'sad', 'sad', 'sad', 'hap', 'hap', 'hap', 'neu', 'sad', 'neu', 'neu', 'neu', 'hap', 'hap', 'neu', 'neu', 'sad', 'neu', 'hap', 'neu', 'neu', 'hap', 'hap', 'hap', 'neu', 'hap', 'neu', 'neu', 'hap', 'neu', 'sad', 'sad', 'hap', 'neu', 'hap', 'sad', 'hap', 'neu', 'hap', 'sad']"
/content/continuous_speeches/combined_speech_Ses01F_script02_1.wav,"[2.479630670071121, 4.959261340142242, 6.239070718243466, 10.35845715400678, 16.15759339852795, 18.077307465679784, 22.716616461296724, 24.956282872973865, 32.10188523403903, 34.39487703647039, 36.47456727588488, 38.874209859824674, 42.63364990799702, 45.5932090948561, 47.992851678795894, 49.512625315291096, 55.191779430615284, 56.31161263645385, 57.59142201455507, 59.1911837371816, 63.35056421601058, 66.71006383352629, 68.46980172841548, 70.94943239848659, 73.26908689629506, 81.74782402621568, 83.66753809336751, 84.78737129920607, 86.38713302183261, 87.98689474445914, 93.9060131181773, 95.50577484080384, 97.26551273569301, 100.30506000868341, 102.17144868508103, 107.8239401050281, 109.58367799991728, 112.30327292838238, 113.42310613422096, 115.50279637363545, 116.78260575173667, 118.54234364662587, 119.66217685246444, 120.782010058303, 123.98153350355607, 126.2211999152332, 131.42042551376943, 133.42012766705258, 134.6999370451538, 143.49862651959972, 144.77843589770094, 147.49803082616603, 150.85753044368175, 153.7371015444095, 156.4566964728746, 158.5363867122891, 159.81619609039032, 163.17569570790602, 164.2955289137446, 165.89529063637113, 167.17510001447235, 168.45490939257357, 170.37462345972543, 171.89439709622064, 173.2541945604532, 174.37402776629176, 178.21345590059542, 180.85306274292918, 182.85276489621236, 184.29255044657623, 188.77188326993053, 190.5316211648197, 192.29135905970887]","[3.98725, 7.5171875, 14.174687500000001, 15.834687500000001, 18.1591875, 19.749125000000003, 28.021625000000004, 29.506625000000003, 30.876625000000004, 32.846625, 39.8565625, 43.544875000000005, 45.464875000000006, 47.414812500000004, 48.91725, 50.98725, 52.91725, 54.69975, 57.7396875, 64.4411875, 77.3011875, 80.2711875, 82.741125, 84.461125, 86.01112499999999, 92.7326875, 93.862625, 104.3504375, 106.17037499999999, 107.450375, 112.990375, 118.1428125, 125.5203125, 132.80325, 147.42575, 150.01568749999998, 152.6256875, 154.8056875, 160.565625, 162.7755625, 165.7145625, 174.65449999999998, 176.8144375, 184.1384375, 186.028375, 193.4431875]","['neu', 'neu', 'neu', 'fru', 'neu', 'fru', 'hap', 'sur', 'neu', 'sur', 'neu', 'hap', 'sad', 'fru', 'fru', 'neu', 'neu', 'hap', 'exc', 'neu', 'neu', 'ang', 'neu', 'neu', 'neu', 'neu', 'neu', 'neu', 'ang', 'fru', 'neu', 'neu', 'neu', 'fru', 'exc', 'fru', 'neu', 'neu', 'exc', 'neu', 'hap', 'fru', 'fru', 'exc', 'neu', 'exc']"
/content/continuous_speeches/combined_speech_Ses01F_script02_2.wav,"[0.6399463148066784, 1.7598523657183656, 5.439543675856767, 9.759181300801846, 11.359047087818542, 12.798926296133569, 14.078818925746925, 16.078651159517797, 22.878080754338754, 24.47794654135545, 30.717423110720564, 32.15730231903559, 37.596845994892355, 39.67667151801406, 41.27653730503076, 43.35636282815246, 45.11621519387083, 50.12912799318982, 52.95555755025264, 57.595168332601055, 59.35502069831943, 61.51483951079196, 63.75465161261533, 65.43451068898287, 69.11420199912126, 71.99396041575133, 73.91379936017135, 76.39359133004723, 78.3934235638181, 80.31326250823814, 81.91312829525484, 86.07277934149825, 95.03202774879175, 99.67163853114016, 105.11118220699693, 113.48381315905097, 115.99026955871047, 120.05392865773288, 126.86935691042399, 128.62920927614238, 130.70903479926406, 150.0674108221661, 152.62719608139278, 158.8666726507579, 165.10614922012303, 170.70567947468146, 173.42545131260985, 177.98506880560743, 180.94482051158832, 182.70467287730668, 184.1445520856217, 185.7444178726384, 188.46418971056679, 190.70400181239017, 192.62384075681018, 194.06371996512524, 196.3035320669486, 197.7434112752636, 200.463183113192, 202.0630489002087, 203.34294152982207, 208.9424717843805, 210.70232415009886, 212.1422033584139, 213.90205572413225, 215.8218946685523, 228.62082096468586, 231.0206196452109, 233.0204518789818, 234.86029753405097, 236.14019016366433, 238.1133579676516, 241.73972041822276, 247.41924396213204, 249.1790963278504, 251.49890171902462, 253.25875408474298, 255.5785594759172, 260.61813670501977, 261.7380427559315, 265.2577474873682, 269.4173985336116, 276.2968214177834, 278.37664694090506, 279.97651272792183, 286.1359960079361, 287.97584166300527]","[2.3244375, 4.764375, 7.424375, 10.3843125, 13.83425, 15.6641875, 17.5366875, 21.77125, 29.150125, 35.144625, 37.1781875, 40.0701875, 43.453250000000004, 44.855562500000005, 51.230500000000006, 53.072250000000004, 57.27225000000001, 59.4073125, 62.50475, 77.20475, 78.64225, 80.5324375, 93.3374375, 98.86237499999999, 103.45537499999999, 105.65987499999999, 108.60568749999999, 112.59606249999999, 116.12856249999999, 121.21581249999998, 128.10574999999997, 130.38574999999997, 135.87824999999998, 139.04824999999997, 141.76824999999997, 147.99824999999996, 150.42137499999995, 152.71131249999996, 156.32181249999996, 157.99862499999998, 167.98812499999997, 183.62312499999996, 185.79312499999995, 192.57306249999993, 194.96299999999994, 197.60587499999994, 203.89581249999995, 210.84574999999995, 220.38574999999994, 226.00124999999994, 230.33643749999993, 233.96081249999992, 244.51581249999992, 250.22574999999992, 253.32481249999992, 257.1597499999999, 260.18468749999994, 262.67018749999994, 269.67018749999994, 285.94124999999997, 291.3035624999999]","['neu', 'exc', 'fru', 'neu', 'sur', 'hap', 'neu', 'neu', 'sur', 'ang', 'fru', 'sad', 'fru', 'neu', 'sad', 'neu', 'ang', 'hap', 'exc', 'fru', 'fru', 'hap', 'fru', 'fru', 'hap', 'fru', 'neu', 'hap', 'fru', 'neu', 'neu', 'fru', 'neu', 'ang', 'fru', 'hap', 'neu', 'fru', 'ang', 'sur', 'sad', 'neu', 'sad', 'neu', 'fru', 'fru', 'ang', 'neu', 'fru', 'neu', 'fru', 'sad', 'neu', 'fru', 'fru', 'hap', 'neu', 'hap', 'neu', 'hap', 'neu']"
/content/continuous_speeches/combined_speech_Ses01F_script03_1.wav,"[0.7199724004529156, 2.613233157199472, 7.679705604831099, 9.519635072655216, 11.679552274013963, 13.59947867522174, 17.11934374410266, 20.639208812983583, 21.999156680505756, 24.639055482166444, 26.55898188337422, 28.158920551047366, 29.27887761841857, 34.39868135497263, 37.11857709001698, 40.15846055859596, 48.318147763729, 49.438104831100205, 51.998006699377235, 56.31784110209473, 57.91777976976788, 60.63767550481222, 62.39760803925268, 63.99754670692583, 65.27749764106434, 67.99739337610869, 69.27734431024722, 72.63721551236083, 75.03712351387054, 78.07700698244952, 79.99693338365728, 82.07685365163238, 84.15677391960746, 87.03666352141914, 89.81655695650123, 93.91639979241366, 97.43626486129457, 98.87620966220041, 102.0760869975467, 104.1560072655218, 106.55591526703151, 108.79582940177391, 118.23546754104548, 123.4352682109832, 127.11512714663144, 131.19497074919795, 132.31492781656914, 133.91486648424228, 135.8347928854501, 137.59472541989052, 138.87467635402905, 142.6611978675222, 146.23439422532553, 151.3541979618796, 154.8740630307605, 157.27397103227023, 158.95390663332705, 161.91379316852235, 163.67372570296283, 167.19359077184373, 169.27351103981883]","[10.198, 22.407937500000003, 27.477937500000003, 32.530437500000005, 38.990437500000006, 43.26043750000001, 45.15037500000001, 61.78031250000001, 68.25025000000001, 70.14143750000001, 79.30137500000001, 83.2938125, 85.4638125, 87.5138125, 90.04775, 102.63268749999999, 110.21262499999999, 115.4768125, 120.98675, 124.9541875, 131.2291875, 136.411625, 144.47156249999998, 151.65156249999998, 156.23149999999998, 159.02149999999997, 160.54143749999997, 163.07137499999996, 165.67137499999995, 168.11906249999996, 169.5614999999999]","['hap', 'hap', 'exc', 'hap', 'fea', 'hap', 'fea', 'hap', 'hap', 'fea', 'hap', 'exc', 'fea', 'hap', 'exc', 'exc', 'hap', 'hap', 'fea', 'hap', 'hap', 'hap', 'hap', 'hap', 'hap', 'fea', 'exc', 'hap', 'dis', 'hap', 'fea']"
/content/continuous_speeches/combined_speech_Ses01F_script03_2.wav,"[10.239096096096096, 15.678615897147148, 23.197952092717717, 28.957443646771775, 30.717288288288287, 37.27670922484985, 39.99646912537538, 44.156101914414414, 46.55589006193694, 51.03549460397898, 57.19495084928679, 74.5534184496997, 76.47324896771772, 89.1921261495871, 91.35193548235736, 99.99117281343844, 101.99099626970721, 103.99081972597598, 107.08388000500501, 110.7902194772898, 114.22991582207207, 118.86950624061562, 122.22920964714714, 125.02896248592343, 130.22850347222223, 131.82836223723723, 134.22815038475977, 137.1078961617868, 146.7070487518769, 149.4268086524024, 157.47943110297797, 161.02578469876127, 163.82553753753754, 168.8490940596847, 171.42486667135887, 176.14445002815316, 177.90429466966967, 180.1440969406907, 187.02348963025526, 188.70334133352105, 192.94296706081084, 195.02278345533034, 206.06180893393395, 209.42151234046548, 210.541413475976, 212.3012581174925]","[4.07, 7.300000000000001, 9.290000000000001, 11.919937500000001, 15.572375000000001, 18.2623125, 27.2348125, 32.3124375, 34.5624375, 38.4999375, 40.8424375, 46.267375, 51.517375, 55.3373125, 57.904125, 59.7440625, 64.00375, 67.72375, 71.2601875, 80.090125, 81.8600625, 89.1400625, 92.02, 93.4074375, 95.58743750000001, 101.23737500000001, 102.73231250000002, 107.08225000000002, 123.08225000000002, 126.03156250000002, 127.40156250000003, 129.87150000000003, 134.83143750000002, 139.32143750000003, 143.70137500000004, 145.94131250000004, 150.20881250000005, 155.26481250000006, 160.01362500000005, 163.19112500000006, 166.54106250000007, 173.49100000000007, 175.81675000000007, 177.88418750000008, 179.86100000000008, 198.29100000000008, 207.43037500000008, 213.1011875]","['hap', 'fru', 'ang', 'ang', 'neu', 'neu', 'ang', 'ang', 'ang', 'ang', 'ang', 'ang', 'hap', 'hap', 'neu', 'ang', 'neu', 'ang', 'neu', 'ang', 'ang', 'ang', 'ang', 'neu', 'ang', 'neu', 'ang', 'ang', 'ang', 'ang', 'neu', 'ang', 'fru', 'ang', 'neu', 'ang', 'ang', 'ang', 'ang', 'ang', 'neu', 'fru', 'ang', 'ang', 'ang', 'ang', 'ang', 'ang']"
/content/continuous_speeches/combined_speech_Ses01M_impro01.wav,"[0.47998542888563045, 1.9199417155425218, 5.9998178610703805, 7.679766862170087, 10.719674578445748, 13.55958836601906, 16.79949001099707, 18.799429298020524, 21.439349156891495, 22.55931515762463, 23.679281158357767, 25.11923744501466, 27.78582316104594, 31.359048020527858, 35.83891202346041, 37.43886345307918, 42.87869831378299, 45.83860845857771, 47.998542888563044, 49.75848946114369, 53.83836560667155, 58.39822718108504, 59.99817861070381, 61.4381348973607, 62.87809118401759, 68.79791147360703, 71.51782890395893, 77.99763219391494, 80.47755690982405, 82.71748891129032, 85.19741362719941, 87.75733591458943, 89.27728977272727, 90.71724605938415, 93.11717320381231, 96.74372977761486, 101.75691092375367, 103.99684292521994, 105.59679435483869, 107.99672149926685]","[3.1299375, 7.619937500000001, 13.129875000000002, 16.459875000000004, 18.509875000000005, 22.129875000000006, 25.549812500000005, 27.569750000000006, 31.034750000000006, 41.7246875, 45.437125, 49.173125, 50.543124999999996, 53.8880625, 57.1380625, 59.538062499999995, 62.73049999999999, 69.4605, 71.1504375, 73.090375, 75.25031249999999, 77.73025, 80.78937499999999, 83.459375, 88.769375, 90.694375, 99.45431249999999, 104.36681249999998, 106.89674999999998, 109.1166874999999]","['fru', 'fru', 'ang', 'ang', 'ang', 'ang', 'ang', 'fru', 'fru', 'ang', 'neu', 'ang', 'fru', 'ang', 'fru', 'fru', 'fru', 'fru', 'ang', 'fru', 'ang', 'neu', 'fru', 'ang', 'fru', 'ang', 'fru', 'ang', 'fru', 'neu']"
/content/continuous_speeches/combined_speech_Ses01M_impro02.wav,"[3.438597053964758, 6.717259361233481, 8.716443694933922, 12.47491024229075, 15.673605176211455, 18.712365363436124, 19.831908590308373, 23.430440390969164, 26.54916795154185, 28.388417538546257, 30.547536618942733, 31.98694933920705, 35.34557901982379, 38.5442739537445, 40.623425660792954, 41.90290363436124, 45.26153331497798, 47.020815528634365, 49.579771475770926, 52.298662169603524, 55.3374223568282, 57.09670457048458, 58.855986784140974, 61.015105864537446, 64.13383342511014, 65.25337665198238, 66.85272411894273, 68.61200633259912, 69.73154955947138, 71.25092965308372]","[1.2649375, 5.6899375, 8.879875, 12.276125, 20.616125, 23.7260625, 30.4060625, 32.4760625, 36.866, 39.5809375, 41.660875, 43.160875, 46.4208125, 48.25075, 50.940687499999996, 54.07062499999999, 58.26056249999999, 61.460562499999995, 65.2205, 67.6704375, 72.61037]","['fru', 'sad', 'sad', 'neu', 'sad', 'sur', 'sad', 'sad', 'sad', 'sad', 'sad', 'fru', 'sad', 'sad', 'sad', 'fru', 'sad', 'fru', 'sad', 'sad', 'sad']"
/content/continuous_speeches/combined_speech_Ses01M_impro03.wav,"[1.4399056524656157, 3.6797588896343516, 7.199528262328078, 9.599371016437438, 11.27926094431399, 12.799161355249918, 15.518983143240526, 18.77210332103321, 22.718511405568602, 23.998427541093594, 25.598322710499836, 28.15815498154982, 30.078029184837305, 34.7177251761154, 36.95757841328414, 43.35715909090909, 51.036655904059046, 55.59635713686683, 62.715890640724595, 64.39578056860114, 66.47564428882926, 70.87535600469641, 73.03521448339484, 76.7949681314995, 81.00802541093593, 87.03429721569944, 88.31421335122442, 90.0740980375713, 91.83398272391815, 96.47367871519626, 98.39355291848375, 102.07331180811809, 115.99239978195237, 119.99213770546798, 123.19192804428046, 126.39171838309294, 127.67163451861792, 132.7912990607179, 135.51112084870852, 139.35086925528347, 142.8706386279772, 146.71038703455218, 151.5100725427709, 153.66993102146932, 155.9897790171084, 158.70960080509897, 167.5090242368333, 170.22884602482392, 174.06859443139888, 175.7964812143576, 182.9480126216035, 187.18773482053004]","[2.05, 4.6974374999999995, 6.4274375, 10.1024375, 17.312375, 20.222375, 21.774874999999998, 26.197374999999997, 33.659875, 37.269875, 42.5298125, 44.30975, 48.089687500000004, 59.1471875, 70.4771875, 74.0171875, 75.7371875, 77.5371875, 79.827125, 81.0870625, 83.2395625, 91.0195625, 98.5395, 102.8695, 106.1795, 107.4694375, 115.5519375, 118.811875, 121.409375, 125.1868125, 129.7268125, 138.13925, 153.20675, 157.3966875, 160.03662500000002, 167.236625, 177.0165625, 180.7515625, 182.8515625, 186.8415, 190.771]","['neu', 'exc', 'exc', 'exc', 'exc', 'neu', 'exc', 'exc', 'neu', 'neu', 'exc', 'exc', 'exc', 'exc', 'exc', 'neu', 'exc', 'exc', 'exc', 'neu', 'exc', 'exc', 'exc', 'exc', 'exc', 'sur', 'exc', 'exc', 'exc', 'exc', 'exc', 'exc', 'exc', 'exc', 'exc', 'exc', 'exc', 'exc', 'exc', 'exc', 'exc']"
/content/continuous_speeches/combined_speech_Ses01M_impro04.wav,"[8.638219404962658, 11.8375599253192, 16.79653773187184, 22.55535066851361, 27.674295501084075, 32.39332276860997, 36.87239949710913, 39.86378288364249, 43.99093215490243, 45.11070133702722, 46.230470519152014, 47.99010780534811, 50.229646169597686, 52.229233994820525, 55.668525054203805, 57.268195314382076, 58.707898548542516, 60.707486373765356, 62.707074198988195, 64.46671148518429, 66.54628282341605, 68.78582118766562, 70.22552442182607, 71.34529360395085, 82.54298542519875, 85.58235891953746, 87.34199620573355, 88.46176538785835, 90.5413367260901, 91.66110590821489, 94.54051237653577, 95.90023209768731, 98.2197539749458, 101.89899557335582, 105.41827014574801, 108.53762715309563, 110.05731390026499, 111.8169511864611, 112.93672036858588, 117.57576412310286, 121.17502220850398, 122.85467598169116, 124.29437921585159, 125.89404947602986, 127.33375271019031, 129.41332404842206, 131.01299430860033]","[2.28, 14.434999999999999, 17.735, 23.275, 24.8375, 26.547437499999997, 29.787374999999997, 33.1073125, 34.9613125, 38.1778125, 40.36775, 47.86775, 52.00775, 59.8476875, 66.437625, 68.5711875, 71.3211875, 74.15962499999999, 77.72462499999999, 83.43456249999998, 90.08449999999999, 98.1295, 99.61949999999999, 103.59949999999999, 108.61943749999999, 117.59418749999999, 119.3841875, 121.76418749999999, 124.714125, 131.017125, 132.80462]","['neu', 'neu', 'neu', 'fru', 'fru', 'fru', 'neu', 'neu', 'neu', 'neu', 'fru', 'fru', 'fru', 'neu', 'neu', 'fru', 'neu', 'neu', 'fru', 'fru', 'neu', 'neu', 'neu', 'neu', 'neu', 'fru', 'neu', 'neu', 'neu', 'ang', 'fru']"
/content/continuous_speeches/combined_speech_Ses01M_impro05.wav,"[1.919929779522803, 3.2798800400181216, 7.999707414678346, 10.39961963908185, 11.679572825430384, 12.799531863485354, 16.319403125943825, 18.71931535034733, 21.91919831621867, 27.678987654787075, 30.238894027484147, 32.958794548474785, 34.93205571076211, 40.47851951827243, 44.63836737390517, 51.51811575052855, 54.238016271519186, 55.35797530957415, 57.43789923739052, 58.71785242373906, 62.63770905693145, 66.11758178231653, 69.38412897664351, 72.55734625113259, 74.07729065992147, 75.67723214285716, 78.15714144140745, 83.59694248338872, 85.75686348535186, 88.63675815463607, 91.27666160147993, 94.2365533449109, 98.31640412639688, 100.31633098006645, 101.75627831470857, 103.43621687179102, 105.4361437254606]","[3.5, 7.2549375000000005, 8.5349375, 15.2549375, 22.2449375, 25.024874999999998, 29.274874999999998, 35.274874999999994, 40.16256249999999, 41.41256249999999, 43.34256249999999, 45.38249999999999, 47.883624999999995, 50.7035625, 52.76349999999999, 56.8234375, 61.413374999999995, 64.463375, 65.9333125, 68.7933125, 74.11825, 75.84825000000001, 76.97575, 79.72325000000001, 84.00325000000001, 89.74325, 96.25318750000001, 97.86068750000001, 100.2881875, 101.76812500000001, 105.94812]","['ang', 'ang', 'neu', 'ang', 'ang', 'fru', 'neu', 'neu', 'ang', 'neu', 'neu', 'neu', 'ang', 'ang', 'neu', 'neu', 'neu', 'ang', 'neu', 'neu', 'ang', 'neu', 'fru', 'neu', 'fru', 'neu', 'ang', 'neu', 'ang', 'neu', 'fru']"
/content/continuous_speeches/combined_speech_Ses01M_impro06.wav,"[1.3599076261576262, 4.639684842184842, 5.919597902097902, 8.799402286902287, 11.03925014175014, 13.119108864108862, 15.892253827253825, 19.838652428652427, 21.43854375354375, 26.763896306396305, 31.357869967869963, 32.477793895293885, 35.19760914760915, 37.117478737478734, 39.11734289359289, 42.47711467586467, 45.75689189189189, 49.276652806652805, 51.836478926478925, 55.51622897372897, 56.79614203364203, 59.995924683424676, 62.63574536949536, 65.27556605556606, 68.15537044037043, 70.3952182952183, 73.4350118125118, 74.95490857115857, 78.07469665469665, 80.31454450954449, 82.87437062937062, 86.15414784539783, 88.47399026649026, 91.35379465129463, 92.47371857871858, 95.40685267435266, 98.15333278208277, 103.27298502173501, 106.71275137025135, 109.11258835758835, 110.71247968247967, 111.99239274239272, 113.7522731997732, 116.31209931959931, 118.23196890946889, 119.51188196938196, 122.2316972216972, 125.1115016065016, 126.79138749763749, 128.79125165375166, 132.15102343602342, 134.39087129087127, 135.51079521829521, 140.31046919296918, 141.4303931203931, 143.51025184275184, 148.46991494991494, 149.74982800982798, 152.46964326214325, 157.10932810432809, 159.5091650916651, 162.0689912114912, 164.78880646380645, 168.30856737856735]","[5.0199375, 8.501312500000001, 10.491312500000001, 26.07125, 28.599625, 31.044562499999998, 35.091249999999995, 36.46368749999999, 40.06368749999999, 42.129124999999995, 46.43093749999999, 49.80143749999999, 51.34143749999999, 75.08143749999999, 78.5439375, 82.812, 85.8643125, 88.12675, 91.1860625, 93.043125, 97.013125, 100.9030625, 103.48756250000001, 106.43750000000001, 108.75743750000001, 111.72875, 115.9211875, 117.311125, 119.4410625, 123.1501875, 128.282625, 130.4725625, 134.8318125, 137.6241875, 141.50412500000002, 143.7179375, 146.560875, 147.92337500000002, 150.26337500000002, 153.11337500000002, 155.06331250000002, 158.01593750000004, 162.39587500000005, 165.18587500000004, 167.29581250000004, 169.3005]","['sad', 'sad', 'neu', 'sad', 'sad', 'neu', 'sad', 'neu', 'sad', 'sad', 'sad', 'sad', 'neu', 'sad', 'sad', 'sad', 'sad', 'sad', 'neu', 'neu', 'neu', 'sad', 'neu', 'neu', 'neu', 'neu', 'neu', 'sad', 'sad', 'sad', 'sad', 'sad', 'sad', 'neu', 'sad', 'neu', 'sad', 'neu', 'neu', 'sad', 'neu', 'sad', 'sad', 'sad', 'neu', 'neu']"
/content/continuous_speeches/combined_speech_Ses01M_impro07.wav,"[0.3199867246421425, 5.599767681237494, 9.759595101585347, 13.439442434969985, 14.719389333538556, 19.279200159689086, 23.43902758003694, 27.03887823226104, 31.038712290287826, 34.39857289903032, 36.79847333384639, 38.611731440151864, 41.864929807346975, 49.43794895721102, 50.71789585577959, 52.531153962085064, 54.557736551485306, 56.95763698630137, 59.51753078343851, 61.11746440664922, 63.35737147914422, 70.71706614591349, 71.837019682161, 76.31683382715099, 77.9167674503617, 82.55657495767277, 84.67648700842696, 90.71623643604741, 92.9561435085424, 94.0760970447899, 99.59586804486686, 101.9157717985224, 105.86227473577549, 107.19555275511775, 109.1154731029706, 112.63532707403417, 116.35517274799908, 119.51504165384023, 121.9149420886563, 124.31484252347236, 126.07476950900416, 128.79465666846238, 133.27447081345235, 135.35438452362627, 145.27397298753272, 151.91369752385714, 156.15352162536556, 157.966779731671, 161.59329594428198, 164.95315655302448, 167.35305698784055, 170.8195798381304, 175.51271846621518, 177.432638814068, 179.27256248076034, 183.6723799445898, 186.39226710404802, 189.43214098814838, 191.59205137948283, 196.8185012153045, 203.28756616515312, 206.39143739418193]","[2.67, 6.6675, 11.9274375, 16.629875, 18.059874999999998, 20.519875, 23.5273125, 27.6648125, 33.62475, 36.76225, 38.792187500000004, 43.788375, 49.0871875, 52.692187499999996, 55.18718749999999, 59.647187499999994, 70.9146875, 73.817125, 77.29706250000001, 87.60450000000002, 89.95443750000001, 92.72437500000001, 97.8543125, 104.38425000000001, 109.5941875, 112.984125, 113.9240625, 120.164, 122.894, 130.064, 131.85399999999998, 136.6739375, 141.4239375, 147.1289375, 149.8789375, 157.141375, 161.27131250000002, 165.13131250000004, 174.63131250000004, 176.60131250000003, 180.15131250000005, 191.84125000000006, 204.34287500000005, 205.68287500000005, 207.895375]","['hap', 'exc', 'exc', 'exc', 'neu', 'exc', 'sur', 'exc', 'exc', 'hap', 'neu', 'exc', 'exc', 'exc', 'exc', 'exc', 'exc', 'neu', 'hap', 'hap', 'hap', 'exc', 'exc', 'exc', 'exc', 'exc', 'neu', 'exc', 'exc', 'exc', 'hap', 'exc', 'exc', 'exc', 'exc', 'exc', 'hap', 'neu', 'exc', 'exc', 'exc', 'hap', 'exc', 'hap', 'sur']"
/content/continuous_speeches/combined_speech_Ses01M_script01_1.wav,"[0.4799749783009656, 2.7198582103721387, 4.239778974991863, 6.879641355647173, 7.99958297168276, 10.079474544320277, 11.359407819789519, 12.959324414126073, 15.519190965064555, 17.199103389117937, 19.35899079147228, 21.278890704676144, 22.398832320711726, 25.918648828252145, 28.95849035749159, 33.518252651350764, 35.3581567348378, 36.638090010307046, 38.238006604643594, 40.07791068813063, 42.077806431051314, 43.19774804708691, 44.31768966312249, 46.0775979168927, 48.157489489530214, 51.277326848486496, 53.11723093197352, 54.71714752631008, 58.556947352717806, 59.996872287620704, 62.07676386025822, 63.516688795161116, 65.59658036779864, 68.26310802502621, 73.72415666702832, 76.63600486872085, 78.55590478192471, 82.09172045540848, 85.43554613757188, 87.5154377102094, 88.95536264511229, 90.3952875800152, 91.51522919605077, 93.27513744982099, 94.55507072529022, 95.99499566019313, 97.914895573397, 100.39476629461865, 103.51460365357491, 104.6345452696105, 107.59439096913312, 111.19420330639036, 112.63412824129327, 114.71401981393078, 117.91385300260389, 120.39372372382553, 125.80677486799755, 128.15331920635782, 130.55319409786264, 131.99311903276555, 134.41965920084263, 137.27284379407618, 139.19274370728002, 140.95265196105024, 147.99228497613106, 150.23216820820224, 151.67209314310514, 153.59199305630898, 156.15185960724747, 159.51168445535424, 161.4315843685581, 163.1914926223283, 164.95140087609852, 166.0713424921341, 167.99124240533797, 170.3911172968428, 172.15102555061299, 174.55090044211784, 177.1107669930563, 179.51064188456115, 183.40377226411343, 186.3902832402083, 187.51022485624392, 189.11014145058044, 190.87004970435066, 192.1499829798199, 194.22987455245743, 196.20310501880581, 200.14956595150267, 203.4027296933203, 207.10920313686665, 211.34898211185853, 213.74885700336336, 214.86879861939894, 217.74864848920473, 219.8818706149868, 224.6282898448519, 225.7482314608875, 228.62808133069328, 229.9080146061625, 232.1478978382337, 234.70776438917218, 237.6676100886948, 239.98748915048282, 242.227372382554, 245.02722642264294, 247.8270804627319, 249.90697203536942, 254.61072682271887, 258.14654249620264, 260.25309934541247, 263.5062630872301, 264.7861963626994, 267.26606708392103, 269.74593780514266, 271.5058460589129, 274.225704269285, 276.0656083527721, 278.2254957551264, 280.7853623060649, 281.9053039221005, 284.9451454513399, 286.0650870673755, 287.66500366171203, 292.14477012585445, 293.42470340132365]","[3.1135, 5.266, 15.6536875, 19.0310625, 24.0393125, 27.6539375, 30.8049375, 33.1681875, 35.7181875, 38.0281875, 45.1781875, 47.938125, 51.80325, 59.7431875, 63.33425, 66.2841875, 72.854125, 85.904125, 96.6715625, 109.1004375, 112.7704375, 124.07543749999999, 134.7554375, 138.73175, 142.1458125, 145.25575, 147.95475000000002, 155.1565625, 159.45656250000002, 164.42656250000002, 170.20156250000002, 175.69106250000002, 178.61700000000002, 180.62331250000003, 184.03325000000004, 186.26325000000003, 190.12425000000002, 196.25925, 203.9954375, 206.5654375, 208.8804375, 214.000375, 216.03787499999999, 218.2510625, 224.53437499999998, 226.75243749999998, 235.92243749999997, 243.09243749999996, 245.77237499999995, 250.41087499999995, 256.75087499999995, 259.67331249999995, 263.2046875, 275.0671875, 279.75624999999997, 285.4086875, 288.058625, 294.92862]","['sad', 'sad', 'fru', 'ang', 'ang', 'sad', 'ang', 'sad', 'fru', 'fru', 'fru', 'fru', 'sur', 'ang', 'fru', 'neu', 'ang', 'ang', 'fru', 'ang', 'ang', 'ang', 'fru', 'neu', 'ang', 'ang', 'fru', 'fru', 'ang', 'sad', 'ang', 'fru', 'sad', 'sad', 'ang', 'sur', 'ang', 'neu', 'ang', 'sur', 'fru', 'sad', 'ang', 'sad', 'ang', 'sur', 'sad', 'fru', 'sad', 'sur', 'sad', 'ang', 'fru', 'ang', 'sad', 'fru', 'ang', 'ang']"
/content/continuous_speeches/combined_speech_Ses01M_script01_2.wav,"[1.27995025728988, 4.47982590051458, 7.039726415094339, 12.7995025728988, 14.39944039451115, 18.399284948542025, 20.15921655231561, 24.932364386792454, 29.078869907804464, 32.79872534305317, 37.278551243567755, 39.51846419382505, 41.11840201543739, 45.278240351629506, 47.30482825900515, 49.11809112349914, 50.79802583619211, 52.47796054888508, 53.757910806174955, 57.99774603344768, 62.31757815180103, 63.91751597341337, 65.7574444682676, 68.63733254716982, 75.19707761578046, 80.63686620926244, 82.39679781303603, 84.63671076329331, 86.8766237135506, 89.91650557461406, 92.47640608919383]","[5.91, 10.5599375, 14.079875000000001, 18.619875, 32.234875, 37.874812500000004, 42.124812500000004, 45.82475, 48.3446875, 57.3346875, 67.6538125, 70.4975, 75.0799375, 76.1290625, 78.6290625, 82.4565, 90.8964375, 93.27637]","['fru', 'ang', 'ang', 'ang', 'ang', 'fru', 'fru', 'fru', 'fru', 'ang', 'ang', 'ang', 'ang', 'fru', 'fru', 'fru', 'ang', 'fru']"
/content/continuous_speeches/combined_speech_Ses01M_script01_3.wav,"[1.386606133235005, 3.359853322838666, 5.70641754831329, 9.119601876276377, 11.119514568442252, 13.759399322101203, 15.359329475833901, 17.43923867568641, 23.278983736810755, 25.518885952036534, 29.278721813308373, 32.158596090027224, 34.07851227450647, 36.158421474358974, 37.278372581971865, 39.83826082794418, 41.91817002779669, 46.717960488994784, 47.99790461198094, 49.2778487349671, 50.397799842579985, 52.31771602705923, 53.43766713467211, 55.83756236527116, 58.23745759587021, 60.31736679572271, 63.037248057068304, 65.1171572569208, 67.03707344140005, 68.63700359513274, 71.35688485647833, 74.07676611782392, 75.99668230230316, 78.6365670559621, 80.55648324044134, 83.75634354790674, 86.71621433231223, 88.79612353216474, 93.2759279626163, 94.875858116349, 97.43574636232131, 98.87568350068074, 100.99559095437657, 103.99545999262537, 105.51539363867144, 107.67529934621058, 109.75520854606309, 110.87515965367596, 113.59504091502156, 114.71499202263445, 115.99493614562061, 119.83476851457908, 125.27453103727025, 127.35444023712276, 129.11436340622873, 131.35426562145452, 136.1540560826526, 137.593993221012, 140.47386749773088, 142.71376971295666, 144.79367891280918, 146.79359160497503, 148.79350429714094, 150.07344842012708, 151.83337158923305, 154.4999218454542, 156.6331620504311, 158.07309918879056, 160.7129839424495, 162.7128966346154, 164.63281281909462, 167.93933513680886, 170.0725753417858, 171.19252644939868, 173.2724356492512, 174.71237278761063, 176.63228897208984, 177.75224007970274, 181.1120934025414, 183.67198164851374, 185.75189084836623, 187.19182798672566, 188.95175115583166, 190.2316952788178, 191.8316254325505, 193.11156955553665, 194.55150669389607, 196.4714228783753, 198.23134604748128, 199.99126921658726, 201.9911819087531, 204.31108063166553, 205.91101078539822, 208.63089204674384, 210.39081521584978, 211.8307523542092, 213.27068949256864, 214.5506336155548, 217.11052186152713, 219.83040312287272, 223.27025295339803, 225.43015866093714, 227.03008881466985, 230.12328711188638, 231.82987927586794, 235.50971862945315, 242.2294252751305, 244.46932749035625, 248.62914589006127, 250.06908302842072, 252.7889642897663, 254.54888745887226, 258.22872681245747, 260.4686290276833, 263.02851727365555, 267.82830773485364, 270.6548510064481, 272.4681051806785, 275.7319626942932, 278.707832780236]","[2.985875, 17.235875, 20.887999999999998, 24.1565625, 36.4490625, 38.66, 49.15, 51.432249999999996, 56.88218749999999, 59.36718749999999, 62.84712499999999, 66.3554375, 80.2061875, 83.076125, 91.0823125, 94.25475, 118.1136875, 120.883625, 124.728625, 127.758375, 135.9945, 144.77443749999998, 148.14443749999998, 156.64443749999998, 159.47437499999998, 169.904375, 171.904375, 177.428, 184.1329375, 186.9829375, 191.622875, 198.005375, 202.865375, 207.4843125, 211.1755, 219.2046875, 222.416, 230.4759375, 239.9309375, 243.6634375, 247.613375, 250.473375, 254.3633125, 257.81325, 265.90774999999996, 279.3776875, 282.035687]","['sad', 'sad', 'neu', 'hap', 'sad', 'neu', 'sad', 'sad', 'sad', 'hap', 'sad', 'sad', 'sad', 'sad', 'sad', 'hap', 'sad', 'sad', 'sad', 'sad', 'hap', 'sad', 'neu', 'exc', 'sad', 'sad', 'exc', 'sad', 'hap', 'sad', 'neu', 'sad', 'exc', 'sad', 'hap', 'sad', 'sad', 'sad', 'sad', 'neu', 'sad', 'hap', 'sad', 'sad', 'sad', 'sad', 'neu']"
/content/continuous_speeches/combined_speech_Ses01M_script02_1.wav,"[0.47999585375328707, 1.5999861791776238, 3.8079671064427445, 5.759950245039445, 9.199920530271335, 11.359901872161128, 13.839880449886445, 17.59984797095386, 19.51983138596701, 22.55980512640449, 24.31978992349988, 25.919776102677506, 27.67976089977289, 28.799751225197227, 30.639735331251494, 33.69570893348076, 38.079671064427444, 39.59965793464619, 41.43964204070045, 45.67960541552115, 47.35959090365766, 50.87956049784844, 55.03952456371025, 57.919499686229976, 60.31947895499641, 61.759466516256275, 65.11943749252929, 66.7194236717069, 68.95940432255557, 70.63938981069208, 71.99937806299306, 74.23935871384174, 76.15934212885489, 78.55932139762132, 80.63930343055223, 81.75929375597657, 83.35927993515419, 84.6392688784963, 85.91925782183839, 87.83924123685155, 89.43922741602915, 91.03921359520679, 92.47920115646666, 94.95917973419196, 97.35915900295839, 99.51914034484818, 101.11912652402582, 104.1591002644633, 106.7190781511475, 108.79906018407841, 110.79904290805044, 113.59901872161127, 115.51900213662442, 117.27898693371982, 122.66560707028448, 124.63892335793689, 126.71890539086779, 128.47889018796317, 131.19886669256513, 133.4388473434138, 135.5988286853036, 137.59881140927564, 139.67879344220654, 141.5987768572197, 144.9587478334927, 146.87873124850586, 148.3187188097657, 150.39870084269663, 153.27867596521634, 154.95866145335287, 156.63864694148936, 158.71862897442026, 160.15861653568012, 162.3985971865288, 163.99858336570642, 167.30522146934018, 169.75853361074587, 172.39851080638897, 174.8784893841143, 178.07846174246953, 179.8384465395649, 181.75842995457805, 184.051743478066, 186.39838987419316, 189.11836637879512, 190.63835324901385, 192.1583401192326, 198.8782820717786, 200.47826825095623, 202.87824751972266, 203.99823784514703, 205.7582226422424, 207.59820674829666, 211.67817150519963, 215.94480131633995, 218.23811483982786, 221.67808512505974, 226.39804435363376, 228.238028459688, 230.8780056553311, 232.4779918345087, 235.03796972119292, 238.79793724226033, 240.31792411247906, 241.91791029165668, 244.5845539236194, 249.27784671587378, 250.71783427713362, 251.99782322047574, 253.51781009069447, 255.83779005050204, 258.3977679371862, 259.5177582626105, 263.6777223284724, 266.7176960689099]","[1.8399375, 9.529875, 11.809875, 14.011, 16.311, 23.963437499999998, 41.383375, 49.542625, 57.625125, 59.7765625, 67.219, 77.02137499999999, 85.41881249999999, 93.61631249999999, 95.58631249999999, 97.81956249999999, 99.5645625, 104.7656875, 113.6106875, 116.4928125, 121.644, 133.6464375, 135.37643749999998, 151.10643749999997, 152.38643749999997, 161.39524999999998, 172.05524999999997, 177.45524999999998, 182.38275, 192.30456249999997, 203.04706249999998, 204.96962499999998, 207.13312499999998, 210.65306249999998, 213.77299999999997, 221.78299999999996, 226.20293749999996, 233.40293749999995, 234.90293749999995, 239.59287499999996, 251.46087499999996, 254.29581249999995, 265.49974999999995, 267.709687]","['fru', 'exc', 'hap', 'fru', 'ang', 'exc', 'exc', 'exc', 'exc', 'fru', 'fru', 'ang', 'exc', 'exc', 'sur', 'neu', 'neu', 'neu', 'exc', 'fru', 'exc', 'exc', 'fru', 'exc', 'neu', 'ang', 'fru', 'fru', 'exc', 'exc', 'exc', 'fru', 'fru', 'exc', 'fru', 'fru', 'exc', 'fru', 'ang', 'ang', 'neu', 'fru', 'exc', 'ang']"
/content/continuous_speeches/combined_speech_Ses01M_script02_2.wav,"[3.03991084498064, 4.799859228916801, 7.999765381528, 9.1997301887572, 13.27961053333648, 15.67954014779488, 20.83938881888044, 26.07923514378128, 28.23917179679384, 29.5991319116536, 30.87909437269808, 32.47904744900368, 35.25229944793339, 39.99882690764, 41.918770599206724, 44.318700213665124, 46.878625135754085, 48.47857821205968, 49.598545365473605, 51.998474979932, 53.43843274860704, 55.198381132543204, 57.278320131740486, 59.67824974619889, 61.75818874539616, 62.878155898810085, 65.51807847471432, 67.6780151277269, 69.03797524258664, 70.55793066507697, 72.71786731808953, 74.79780631728681, 77.33106535477067, 83.35755527552176, 85.43749427471904, 88.31740981206912, 89.43737696548304, 93.5972549638776, 95.46386688623414, 98.8237683464759, 100.7970438072528, 102.39699688355842, 103.67695934460289, 105.91689365143073, 107.35685142010577, 109.27679511167248, 111.996715341392, 114.35664612894276, 117.11656518556993, 119.51649480002833, 123.5963751446076, 125.11633056709793, 127.51626018155632, 130.0761851036453, 131.3561475646898, 134.3960584096704, 136.95598333175937, 138.55593640806498, 140.31588479200113, 142.55581909882898, 145.75572525144017, 147.99565955826802, 151.35556101850977, 152.79551878718482, 157.75537332373216, 160.15530293819057, 163.2752114369865, 166.0751293205213, 167.6750823968269, 169.91501670365471, 171.83496039522146, 175.27485950927849, 177.5147938161063, 180.9546929301634, 183.1946272369912, 186.3145357357871, 191.6743785414109, 194.39429877113042, 197.59420492374164, 200.7941110763528, 202.23406884502785, 205.43397499763904, 210.0738389189253, 212.63376384101423, 214.3937122249504, 215.83366999362545, 217.5936183775616, 219.03357614623664, 221.75349637595616, 224.15342599041458, 225.5933837590896, 227.1933368353952, 229.11328052696194, 230.55323829563696, 232.47318198720367, 235.993078755076, 237.9130224466427, 239.51297552294832, 241.75290982977617, 243.99284413660402, 246.87275967395408, 249.9126705189347, 252.31260013339312, 254.55253444022097, 256.0724898627113, 261.27233736070446, 262.7122951293796, 266.39218720488236, 268.79211681934083, 270.552065203277, 272.31201358721313, 273.91196666351874, 277.07987375460385, 279.99178835348, 283.0316991984607, 284.7916475823968, 286.55159596633297, 287.991553735008, 291.8314411181414, 295.0313472707527, 297.59127219284164, 299.3512205767778, 302.0711408064973, 303.991084498064, 311.1908733414392, 314.3907794940504, 315.99073257035604, 318.07067156955327, 320.3906035301964, 322.2305495679479, 323.990497951884, 325.43045572055905, 326.550422873973, 330.39031025710636, 336.95011786995934]","[9.8325, 16.5424375, 24.173375, 26.937375, 38.424875, 43.11875, 44.85875, 48.3661875, 53.728625, 56.11675, 58.984500000000004, 67.417, 75.72175, 80.3614375, 85.50925, 87.67168749999999, 91.9790625, 97.2590625, 103.899, 106.1389375, 113.486375, 124.105375, 125.7603125, 128.65449999999998, 132.987, 140.130875, 145.392125, 147.392125, 150.49487499999998, 159.33481249999997, 160.71981249999996, 163.81881249999995, 166.15512499999994, 169.73762499999995, 172.28256249999995, 174.16249999999997, 176.85574999999997, 181.73318749999999, 196.58818749999998, 198.49931249999997, 212.36431249999998, 216.6969375, 222.3995, 223.86943749999998, 228.809375, 231.619375, 236.0813125, 240.7413125, 247.40675, 249.8266875, 256.09749999999997, 267.6975, 281.98168749999996, 286.511625, 288.39181249999996, 298.20006249999994, 301.6661874999999, 309.80274999999995, 313.05274999999995, 316.05968749999994, 320.84218749999997, 328.989625, 335.74956249999997, 338.838062]","['neu', 'sad', 'hap', 'hap', 'ang', 'neu', 'fru', 'hap', 'fru', 'fru', 'fru', 'neu', 'exc', 'sad', 'ang', 'neu', 'neu', 'fru', 'fru', 'fru', 'ang', 'sad', 'neu', 'neu', 'hap', 'sad', 'exc', 'sad', 'fru', 'neu', 'neu', 'fru', 'neu', 'ang', 'fru', 'fru', 'neu', 'fru', 'sad', 'sad', 'neu', 'sad', 'sad', 'fru', 'ang', 'neu', 'neu', 'ang', 'sad', 'neu', 'hap', 'sad', 'ang', 'ang', 'sad', 'sad', 'neu', 'sur', 'ang', 'sad', 'sur', 'fru', 'ang', 'fru']"
/content/continuous_speeches/combined_speech_Ses01M_script03_1.wav,"[0.6399357895917451, 2.1597832898721396, 4.9595023693360245, 9.119085001682368, 10.238972633467922, 12.95869973923284, 15.358458950201882, 17.918202108568867, 19.67802552994616, 21.11788105652759, 24.637527899282187, 26.55733526805742, 28.157174742036787, 29.277062373822343, 31.676821584791384, 35.836404217137726, 38.07617948070883, 39.19606711249439, 42.23576211305518, 44.475537376626285, 48.63512000897263, 51.83479895693136, 57.834196984353966, 61.7538036956034, 65.91338632794975, 68.0465056265889, 70.39293685509197, 72.39273619756617, 73.91258369784657, 76.3123429088156, 80.47192554116194, 82.07176501514131, 83.67160448912068, 86.55131554228353, 87.91117909516599, 91.35083396422162, 92.79068949080305, 95.83038449136384, 98.63010357082771, 102.86967817687302, 104.78948554564826, 107.66919659881111, 110.62889962567294, 112.30873107335127, 113.90857054733064, 115.82837791610586, 117.82817725858007, 122.86767160161506, 126.0673505495738, 127.8271739709511, 131.1068448926088, 136.14633923564378, 139.09004386776581, 141.9057613419695]","[1.2975, 6.1386875000000005, 7.941187500000001, 10.391125, 16.7468125, 19.3668125, 23.6968125, 26.2568125, 28.0791875, 31.467624999999998, 37.6680625, 40.5180625, 43.048, 46.198, 49.9679375, 53.8979375, 55.2304375, 59.308, 62.038, 70.948, 73.8355, 77.4555, 82.1454375, 91.535375, 94.835375, 96.195375, 98.7853125, 102.46531250000001, 105.23525000000001, 109.1176875, 111.98406250000001, 116.73406250000001, 120.6285625, 126.68125, 129.82375000000002, 133.18375000000003, 134.37368750000005, 137.46368750000005, 139.80368750000005, 142.6416875]","['hap', 'exc', 'fea', 'hap', 'hap', 'hap', 'hap', 'hap', 'hap', 'hap', 'hap', 'hap', 'hap', 'hap', 'hap', 'hap', 'hap', 'fea', 'hap', 'hap', 'hap', 'hap', 'hap', 'exc', 'hap', 'hap', 'hap', 'hap', 'hap', 'hap', 'hap', 'hap', 'fea', 'hap', 'hap', 'fea', 'exc', 'hap', 'fea', 'hap']"
/content/continuous_speeches/combined_speech_Ses01M_script03_2.wav,"[1.7597177047289505, 6.398973471741638, 8.638614186851212, 9.758434544405999, 10.878254901960785, 16.7973053633218, 24.71603503460208, 26.71571424452134, 28.91536137543253, 34.3944824106113, 37.19403330449827, 41.11340455594002, 43.3530452710496, 46.39255767012688, 48.63219838523645, 51.03181343713956, 55.511094867358715, 58.71058160322953, 63.509811707035766, 64.78960640138409, 67.50917012687428, 72.12557241720216, 76.78768166089965, 81.74688610149943, 83.50660380622837, 85.10634717416379, 86.54611620530567, 88.62578258362169, 93.42501268742792, 95.18473039215687, 99.77066138023838, 103.503395905421, 104.78319059976933, 107.34277998846598, 111.6620870818916, 115.50147116493656, 117.34117603806229, 120.70063711072666, 124.46003402537487, 126.5397004036909, 130.05913581314877, 131.9788278546713, 133.65855839100345, 136.41811570069206, 138.05785265282586]","[2.7820625, 6.132, 8.424937499999999, 12.344937499999999, 15.414937499999999, 20.312375, 26.412374999999997, 29.2323125, 34.24225, 35.96225, 45.342187499999994, 47.894687499999996, 51.2645, 57.7881875, 64.9325, 67.0175, 70.7675, 72.4274375, 75.9824375, 80.562375, 85.732375, 87.8923125, 90.8898125, 96.89975000000001, 99.42968750000001, 105.07962500000002, 117.54206250000001, 122.69043750000002, 130.270375, 133.1003125, 136.26775, 138.6977]","['neu', 'ang', 'neu', 'ang', 'ang', 'ang', 'ang', 'ang', 'ang', 'ang', 'ang', 'ang', 'fru', 'ang', 'ang', 'ang', 'ang', 'ang', 'ang', 'sur', 'ang', 'ang', 'ang', 'ang', 'ang', 'ang', 'ang', 'ang', 'ang', 'ang', 'ang', 'neu']"
/content/continuous_speeches/combined_speech_Ses02F_impro01.wav,"[0.1599713394393902, 1.6796990641135972, 9.118366348045242, 11.038022421317924, 19.676474751044996, 22.07604484263585, 26.075328328620603, 28.154955741332678, 29.75466913572658, 31.994267887878042, 34.39383797946889, 36.87339374077944, 39.512920841529386, 42.58792547741989, 46.07174575854438, 47.67145915293828, 50.071029244529136, 51.830713978362425, 54.71019808827145, 57.589682198180476, 60.4691663080895, 68.5477189497787, 70.54736069277108, 72.46701676604376, 74.22670149987705, 75.66644355483157, 77.74607096754364, 79.18581302249815, 82.22526847184656, 86.43784707708384, 88.86407905858127, 92.62340553540695, 102.70159992008851, 105.47443647037129, 109.26042483710351, 111.34005224981559, 112.93976564420949, 114.69945037804278, 121.57821797393656, 125.09758744160315, 129.89672762478483]","[10.0814375, 16.1820625, 19.477062500000002, 21.699375000000003, 26.796250000000004, 29.488500000000005, 34.75237500000001, 39.73425000000001, 41.65356250000001, 49.95675000000001, 51.14868750000001, 54.83700000000001, 56.73606250000001, 60.94100000000001, 66.77975, 68.21412500000001, 74.09131250000002, 83.16112500000001, 88.86806250000001, 90.563625, 93.80250000000001, 99.01825000000001, 102.51425, 108.89687500000001, 114.82631250000001, 121.7719375, 130.120687]","['fru', 'neu', 'sur', 'fru', 'ang', 'neu', 'fru', 'fru', 'fru', 'fru', 'fru', 'fru', 'fru', 'ang', 'fru', 'neu', 'fru', 'fru', 'ang', 'fru', 'fru', 'ang', 'fru', 'fru', 'fru', 'fru', 'fru']"
